Segment,N,Churn Rate,Precision,Recall,F1,FPR
Low (<$35),1409,0.2654364797728886,0.408930669800235,0.93048128342246,0.5681632653061225,0.4859903381642512
