Segment,N,Churn Rate,Precision,Recall,F1,FPR
<12 months,644,0.11335403726708075,0.24017467248908297,0.7534246575342466,0.36423841059602646,0.30472854640980734
